,IntStream,int[],List<Integer>
1000000,2.37E-05,1.066090536,4.426220985
2000000,4.94E-05,2.050247012,9.00194449
3000000,2.57E-05,3.107330949,13.25618083
4000000,2.29E-05,4.125962418,17.79475083
5000000,2.57E-05,5.190922684,22.04943793
6000000,2.29E-05,6.23344349,26.91071267
7000000,3.71E-05,7.261678495,30.96094902
8000000,3.75E-05,8.260494498,35.10962112
