Size,Java 7,Java 8
1000000,0.024438471,0.070644009
2000000,0.053496388,0.147123858
4000000,0.096705784,0.274337828
6000000,0.148711607,0.441981547
