Size,TreeSet,List
1000000,1.512744073,0.89904968
2000000,3.559286599,2.086056916
4000000,8.343434384,4.68270996
6000000,13.991476955,8.895103417
