Size,Java 7,Java 8
1000000,0.001163454,0.001214022
2000000,7.32048E-4,0.002542612
4000000,0.001501627,0.004936287
6000000,1.0667E-5,4.3852E-5
