Size,Map<CounterId, Map<Month, List>>,ConcurrentMap<CounterId, ConcurrentMap<Month, List>>,Map<CounterId, Double>,ConcurrentMap<CounterId, Double
1000000,0.025782072,0.042849496,0.056139741,0.020937836
2000000,0.051660145,0.08546551,0.118305741,0.039550737
4000000,0.100388937,0.177639155,0.235739583,0.077616044
6000000,0.146619365,0.282298701,0.354207696,0.118128754
