Size,Java 7,Java 8
1000000,0.013629998,0.024232249
2000000,0.028165871,0.047969881
4000000,0.052547452,0.081024235
6000000,0.081383346,0.121820994
